train_loss,epoch,step
2.37459659576416,0,49
2.293600559234619,0,99
2.248671054840088,0,149
2.0879886150360107,0,199
