{
 "function" : "swish", 
 "coeff_numerator" : [
  -0.0005213243421167135, 
  0.5088768601417542, 
  -0.006672966293990612, 
  1.190328598022461, 
  0.3632079064846039
 ], 
 "coeff_denominator" : [
  0.5431692600250244, 
  -2.7354748249053955, 
  0.5515217185020447, 
  -0.17781318724155426
 ]
}