{
 "function" : "tanh", 
 "coeff_numerator" : [
  0.00012766686268150806, 
  1.112994909286499, 
  0.017964784055948257, 
  0.9244815111160278, 
  0.33686187863349915
 ], 
 "coeff_denominator" : [
  -0.6788443922996521, 
  -0.147891566157341, 
  -1.0019078254699707, 
  -0.3161480128765106, 
  0.013142472133040428
 ]
}