{
 "function" : "relu", 
 "coeff_numerator" : [
  0.03928294777870178, 
  0.47594302892684937, 
  1.2760180234909058, 
  1.1365931034088135, 
  0.3146704435348511
 ], 
 "coeff_denominator" : [
  -0.4395965337753296, 
  3.1839466094970703, 
  -0.5325470566749573, 
  -0.028940599411725998, 
  0.0625796988606453
 ]
}