{
 "function" : "relu", 
 "coeff_numerator" : [
  0.035118527710437775, 
  0.47868868708610535, 
  1.3931890726089478, 
  1.3254034519195557, 
  0.38616806268692017
 ], 
 "coeff_denominator" : [
  -0.48148494958877563, 
  3.931197166442871, 
  -1.132125735282898, 
  0.3147680163383484
 ]
}