{
 "function" : "sigmoid", 
 "coeff_numerator" : [
  0.5137552618980408, 
  0.265572726726532, 
  0.42017126083374023, 
  -0.007249655667692423, 
  0.0324433334171772
 ], 
 "coeff_denominator" : [
  -0.3044835329055786, 
  0.06162058934569359, 
  -0.7482179999351501, 
  0.41874149441719055, 
  -0.09057015925645828
 ]
}