{
 "function" : "gelu", 
 "coeff_numerator" : [
  -0.0031899234745651484, 
  0.5396528840065002, 
  0.65284264087677, 
  1.8003528118133545, 
  0.7472177743911743
 ], 
 "coeff_denominator" : [
  -0.36568892002105713, 
  -3.741485118865967, 
  1.1204348802566528, 
  -0.4827579855918884
 ]
}