{
 "function" : "leaky_relu", 
 "coeff_numerator" : [
  0.04229551553726196, 
  0.5012279152870178, 
  1.2371975183486938, 
  1.0624717473983765, 
  0.24443534016609192
 ], 
 "coeff_denominator" : [
  -0.31999585032463074, 
  3.156294584274292, 
  -1.1924011707305908, 
  0.5117064118385315, 
  -0.07645527273416519
 ]
}