{
 "function" : "sigmoid", 
 "coeff_numerator" : [
  0.5239627957344055, 
  0.19946788251399994, 
  0.47415557503700256, 
  0.0028114677406847477, 
  -0.023199748247861862
 ], 
 "coeff_denominator" : [
  0.4546385705471039, 
  -0.40950658917427063, 
  0.7759289741516113, 
  -0.23299087584018707
 ]
}