{
 "function" : "swish", 
 "coeff_numerator" : [
  0.00039297647890634835, 
  0.6504297852516174, 
  0.2732851207256317, 
  1.4160279035568237, 
  0.1901308298110962
 ], 
 "coeff_denominator" : [
  1.6826492547988892, 
  -0.5692702531814575, 
  1.9168205261230469, 
  -0.6682690978050232, 
  0.08634228259325027
 ]
}