{
 "function" : "gelu", 
 "coeff_numerator" : [
  -0.000885387125890702, 
  0.5678629875183105, 
  0.4342312216758728, 
  0.45405107736587524, 
  0.15896010398864746
 ], 
 "coeff_denominator" : [
  0.6169487237930298, 
  -0.21407251060009003, 
  0.6772847175598145, 
  -0.18908095359802246, 
  0.026752658188343048
 ]
}