{
 "function" : "leaky_relu", 
 "coeff_numerator" : [
  0.03840731829404831, 
  0.48975491523742676, 
  1.3214150667190552, 
  1.2447319030761719, 
  0.3302503824234009
 ], 
 "coeff_denominator" : [
  0.36386728286743164, 
  -3.3982346057891846, 
  0.8365142941474915, 
  -0.2253326028585434
 ]
}