{
 "function" : "tanh", 
 "coeff_numerator" : [
  -0.00013175696949474514, 
  1.0177096128463745, 
  0.30476704239845276, 
  0.9329202175140381, 
  0.011277181096374989
 ], 
 "coeff_denominator" : [
  0.3096790909767151, 
  1.3489515781402588, 
  0.10407879203557968, 
  0.22019779682159424
 ]
}